-- CUSTOMERS
CREATE TABLE CUSTOM (CUSTOMER_ID NUMBER PRIMARY KEY,CUSTOMER_NAME VARCHAR2(100),EMAIL VARCHAR2(100),
CITY VARCHAR2(100),REGISTRATION_DATE DATE,
MEMBERSHIP_TYPE VARCHAR2(20));

-----seller
CREATE TABLE SELL (SELLER_ID NUMBER PRIMARY KEY,SELLER_NAME VARCHAR2(100),
CITY VARCHAR2(50),
RATING NUMBER(2,1));

-- PRODUCTS
CREATE TABLE PROD (PRODUCT_ID NUMBER PRIMARY KEY,
PRODUCT_NAME VARCHAR2(200),CATEGORY_ID NUMBER,SELLER_ID NUMBER,
PRICE NUMBER(10,2),STOCK NUMBER,DISCOUNT NUMBER);

-- ORDERS
CREATE TABLE ORDERSSS (ORDER_ID NUMBER PRIMARY KEY,CUSTOMER_ID NUMBER,
ORDER_DATE DATE,TOTAL_AMOUNT NUMBER(10,2));


-- DELIVERY 
CREATE TABLE DEL (DELIVERY_ID NUMBER PRIMARY KEY,ORDER_ID NUMBER,DELIVERY_STATUS VARCHAR2(20),DELIVERY_DATE DATE);

----CATEGERIOS
CREATE TABLE CATEGORIES (CATEGORY_ID NUMBER PRIMARY KEY,CATEGORY_NAME VARCHAR2(100));

-----ORDER ITEM
CREATE TABLE ORDER_ITEMS (ITEM_ID NUMBER PRIMARY KEY,ORDER_ID NUMBER REFERENCES ORDERSSS(ORDER_ID),
PRODUCT_ID NUMBER REFERENCES PROD(PRODUCT_ID),QUANTITY NUMBER,
ITEM_PRICE NUMBER(18,2));

----PAYMENTS

CREATE TABLE PAY (PAYMENT_ID NUMBER PRIMARY KEY,ORDER_ID NUMBER REFERENCES ORDERSSS(ORDER_ID),
PAYMENT_METHOD VARCHAR2(20),PAYMENT_STATUS VARCHAR2(20),PAYMENT_DATE DATE);

-----DELIVERY
CREATE TABLE DELIVERYY (DELIVERY_ID NUMBER PRIMARY KEY,ORDER_ID NUMBER REFERENCES ORDERSSS(ORDER_ID),
DELIVERY_STATUS VARCHAR2(30),DELIVERY_DATE DATE);

-----REWIES
CREATE TABLE REVIEWSS (REVIEW_ID NUMBER PRIMARY KEY,CUSTOMER_ID NUMBER REFERENCES CUSTOM(CUSTOMER_ID),
PRODUCT_ID NUMBER REFERENCES PROD(PRODUCT_ID),RATING NUMBER(1),REVIEW_TEXT VARCHAR2(500));

----------------------


SELLERS (SELL table)
INSERT INTO SELL (SELLER_ID, SELLER_NAME, CITY, RATING) VALUES (1, 'TechWorld India', 'Bangalore', 4.5);
INSERT INTO SELL (SELLER_ID, SELLER_NAME, CITY, RATING) VALUES (2, 'FashionHub', 'Mumbai', 4.2);
INSERT INTO SELL (SELLER_ID, SELLER_NAME, CITY, RATING) VALUES (3, 'HomeAppliances Pro', 'Delhi', 4.0);
INSERT INTO SELL (SELLER_ID, SELLER_NAME, CITY, RATING) VALUES (4, 'GroceryMart', 'Chennai', 4.7);

————
 CATEGORIES
INSERT INTO CATEGORIES (CATEGORY_ID, CATEGORY_NAME) VALUES (1, 'Electronics');
INSERT INTO CATEGORIES (CATEGORY_ID, CATEGORY_NAME) VALUES (2, 'Fashion');
INSERT INTO CATEGORIES (CATEGORY_ID, CATEGORY_NAME) VALUES (3, 'Home Appliances');
INSERT INTO CATEGORIES (CATEGORY_ID, CATEGORY_NAME) VALUES (4, 'Groceries');
INSERT INTO CATEGORIES (CATEGORY_ID, CATEGORY_NAME) VALUES (5, 'Books');

————
PRODUCTS (PROD table)
INSERT INTO PROD (PRODUCT_ID, PRODUCT_NAME, CATEGORY_ID, SELLER_ID, PRICE, STOCK, DISCOUNT) VALUES (101, 'iPhone 15', 1, 1, 79999.00, 50, 5);
INSERT INTO PROD (PRODUCT_ID, PRODUCT_NAME, CATEGORY_ID, SELLER_ID, PRICE, STOCK, DISCOUNT) VALUES (102, 'Samsung Galaxy S24', 1, 1, 74999.00, 40, 10);
INSERT INTO PROD (PRODUCT_ID, PRODUCT_NAME, CATEGORY_ID, SELLER_ID, PRICE, STOCK, DISCOUNT) VALUES (103, 'Men Cotton T-Shirt', 2, 2, 999.00, 200, 15);
INSERT INTO PROD (PRODUCT_ID, PRODUCT_NAME, CATEGORY_ID, SELLER_ID, PRICE, STOCK, DISCOUNT) VALUES (104, 'Women Jeans', 2, 2, 1999.00, 150, 10);
INSERT INTO PROD (PRODUCT_ID, PRODUCT_NAME, CATEGORY_ID, SELLER_ID, PRICE, STOCK, DISCOUNT) VALUES (105, 'Microwave Oven', 3, 3, 12999.00, 30, 8);
INSERT INTO PROD (PRODUCT_ID, PRODUCT_NAME, CATEGORY_ID, SELLER_ID, PRICE, STOCK, DISCOUNT) VALUES (106, 'Air Conditioner', 3, 3, 35999.00, 20, 12);
INSERT INTO PROD (PRODUCT_ID, PRODUCT_NAME, CATEGORY_ID, SELLER_ID, PRICE, STOCK, DISCOUNT) VALUES (107, 'Basmati Rice 5kg', 4, 4, 499.00, 500, 5);
INSERT INTO PROD (PRODUCT_ID, PRODUCT_NAME, CATEGORY_ID, SELLER_ID, PRICE, STOCK, DISCOUNT) VALUES (108, 'Olive Oil 1L', 4, 4, 899.00, 300, 8);

————
 ORDERS (ORDERSSS table)
INSERT INTO ORDERSSS (ORDER_ID, CUSTOMER_ID, ORDER_DATE, TOTAL_AMOUNT) VALUES (1001, 1, DATE '2024-06-01', 84998.00);
INSERT INTO ORDERSSS (ORDER_ID, CUSTOMER_ID, ORDER_DATE, TOTAL_AMOUNT) VALUES (1002, 2, DATE '2024-06-05', 2998.00);
INSERT INTO ORDERSSS (ORDER_ID, CUSTOMER_ID, ORDER_DATE, TOTAL_AMOUNT) VALUES (1003, 3, DATE '2024-06-10', 164997.00);
INSERT INTO ORDERSSS (ORDER_ID, CUSTOMER_ID, ORDER_DATE, TOTAL_AMOUNT) VALUES (1004, 1, DATE '2024-06-15', 12999.00);
INSERT INTO ORDERSSS (ORDER_ID, CUSTOMER_ID, ORDER_DATE, TOTAL_AMOUNT) VALUES (1005, 4, DATE '2024-06-20', 2898.00);

————
 ORDER ITEMS (ORDER_ITEMS table)
INSERT INTO ORDER_ITEMS (ITEM_ID, ORDER_ID, PRODUCT_ID, QUANTITY, ITEM_PRICE) VALUES (1, 1001, 101, 1, 79999.00);
INSERT INTO ORDER_ITEMS (ITEM_ID, ORDER_ID, PRODUCT_ID, QUANTITY, ITEM_PRICE) VALUES (2, 1001, 108, 1, 899.00);
INSERT INTO ORDER_ITEMS (ITEM_ID, ORDER_ID, PRODUCT_ID, QUANTITY, ITEM_PRICE) VALUES (3, 1002, 103, 2, 999.00);
INSERT INTO ORDER_ITEMS (ITEM_ID, ORDER_ID, PRODUCT_ID, QUANTITY, ITEM_PRICE) VALUES (4, 1002, 104, 1, 1999.00);
INSERT INTO ORDER_ITEMS (ITEM_ID, ORDER_ID, PRODUCT_ID, QUANTITY, ITEM_PRICE) VALUES (5, 1003, 101, 1, 79999.00);
INSERT INTO ORDER_ITEMS (ITEM_ID, ORDER_ID, PRODUCT_ID, QUANTITY, ITEM_PRICE) VALUES (6, 1003, 102, 1, 74999.00);
INSERT INTO ORDER_ITEMS (ITEM_ID, ORDER_ID, PRODUCT_ID, QUANTITY, ITEM_PRICE) VALUES (7, 1003, 106, 1, 35999.00);
INSERT INTO ORDER_ITEMS (ITEM_ID, ORDER_ID, PRODUCT_ID, QUANTITY, ITEM_PRICE) VALUES (8, 1004, 105, 1, 12999.00);
INSERT INTO ORDER_ITEMS (ITEM_ID, ORDER_ID, PRODUCT_ID, QUANTITY, ITEM_PRICE) VALUES (9, 1005, 103, 2, 999.00);
INSERT INTO ORDER_ITEMS (ITEM_ID, ORDER_ID, PRODUCT_ID, QUANTITY, ITEM_PRICE) VALUES (10, 1005, 107, 1, 499.00);

———— PAYMENTS (PAY table)
INSERT INTO PAY (PAYMENT_ID, ORDER_ID, PAYMENT_METHOD, PAYMENT_STATUS, PAYMENT_DATE) VALUES (5001, 1001, 'Credit Card', 'Completed', DATE '2024-06-01');
INSERT INTO PAY (PAYMENT_ID, ORDER_ID, PAYMENT_METHOD, PAYMENT_STATUS, PAYMENT_DATE) VALUES (5002, 1002, 'UPI', 'Completed', DATE '2024-06-05');
INSERT INTO PAY (PAYMENT_ID, ORDER_ID, PAYMENT_METHOD, PAYMENT_STATUS, PAYMENT_DATE) VALUES (5003, 1003, 'Net Banking', 'Completed', DATE '2024-06-10');
INSERT INTO PAY (PAYMENT_ID, ORDER_ID, PAYMENT_METHOD, PAYMENT_STATUS, PAYMENT_DATE) VALUES (5004, 1004, 'Credit Card', 'Pending', DATE '2024-06-15');
INSERT INTO PAY (PAYMENT_ID, ORDER_ID, PAYMENT_METHOD, PAYMENT_STATUS, PAYMENT_DATE) VALUES (5005, 1005, 'UPI', 'Completed', DATE '2024-06-20');

————
 DELIVERY table
INSERT INTO DELIVERY (DELIVERY_ID, ORDER_ID, DELIVERY_STATUS, DELIVERY_DATE) VALUES (9001, 1001, 'Delivered', DATE '2024-06-05');
INSERT INTO DELIVERY (DELIVERY_ID, ORDER_ID, DELIVERY_STATUS, DELIVERY_DATE) VALUES (9002, 1002, 'Delivered', DATE '2024-06-08');
INSERT INTO DELIVERY (DELIVERY_ID, ORDER_ID, DELIVERY_STATUS, DELIVERY_DATE) VALUES (9003, 1003, 'Delivered', DATE '2024-06-15');
INSERT INTO DELIVERY (DELIVERY_ID, ORDER_ID, DELIVERY_STATUS, DELIVERY_DATE) VALUES (9004, 1004, 'In Transit', NULL);
INSERT INTO DELIVERY (DELIVERY_ID, ORDER_ID, DELIVERY_STATUS, DELIVERY_DATE) VALUES (9005, 1005, 'Delivered', DATE '2024-06-23');

————
 REVIEWS (REVIEWSS table)
INSERT INTO REVIEWSS (REVIEW_ID, CUSTOMER_ID, PRODUCT_ID, RATING, REVIEW_TEXT) VALUES (8001, 1, 101, 5, 'Excellent phone! Very fast and great camera.');
INSERT INTO REVIEWSS (REVIEW_ID, CUSTOMER_ID, PRODUCT_ID, RATING, REVIEW_TEXT) VALUES (8002, 2, 103, 4, 'Good quality T-shirt, comfortable fabric.');
INSERT INTO REVIEWSS (REVIEW_ID, CUSTOMER_ID, PRODUCT_ID, RATING, REVIEW_TEXT) VALUES (8003, 3, 106, 5, 'Very powerful AC, cools the room quickly.');
INSERT INTO REVIEWSS (REVIEW_ID, CUSTOMER_ID, PRODUCT_ID, RATING, REVIEW_TEXT) VALUES (8004, 1, 108, 4, 'Good quality olive oil.');
INSERT INTO REVIEWSS (REVIEW_ID, CUSTOMER_ID, PRODUCT_ID, RATING, REVIEW_TEXT) VALUES (8005, 4, 104, 3, 'Jeans are okay but fit could be better.');


- (CUSTOM table)
INSERT INTO CUSTOM (CUSTOMER_ID, CUSTOMER_NAME, EMAIL, CITY, REGISTRATION_DATE, MEMBERSHIP_TYPE) VALUES (1, 'Rakesh Sharma', 'rakesh@example.com', 'Mumbai', DATE '2024-01-15', 'Gold');
INSERT INTO CUSTOM (CUSTOMER_ID, CUSTOMER_NAME, EMAIL, CITY, REGISTRATION_DATE, MEMBERSHIP_TYPE) VALUES (2, 'Priya Verma', 'priya@example.com', 'Delhi', DATE '2024-02-20', 'Silver');
INSERT INTO CUSTOM (CUSTOMER_ID, CUSTOMER_NAME, EMAIL, CITY, REGISTRATION_DATE, MEMBERSHIP_TYPE) VALUES (3, 'Amit Kumar', 'amit@example.com', 'Bangalore', DATE '2024-03-10', 'Platinum');
INSERT INTO CUSTOM (CUSTOMER_ID, CUSTOMER_NAME, EMAIL, CITY, REGISTRATION_DATE, MEMBERSHIP_TYPE) VALUES (4, 'Neha Gupta', 'neha@example.com', 'Pune', DATE '2024-01-05', 'Gold');
INSERT INTO CUSTOM (CUSTOMER_ID, CUSTOMER_NAME, EMAIL, CITY, REGISTRATION_DATE, MEMBERSHIP_TYPE) VALUES (5, 'Vikram Singh', 'vikram@example.com', 'Chennai', DATE '2024-04-18', 'Silver');


----DISPLAY
SELECT * FROM CUSTOM;

----DISPLAY PROD DISCOUNTED PRICE
SELECT PRODUCT_NAME, PRICE, DISCOUNT, PRICE - (PRICE * DISCOUNT / 100) AS FINAL_PRICE FROM PROD;

----PROD LOW STOCK
SELECT * FROM PROD WHERE STOCK < 40;

----CUSTOM FROM DELHI MUMBAI
SELECT * FROM CUSTOM WHERE CITY IN ('Delhi', 'Mumbai');

----SORT PROD HIGH PRICE
SELECT * FROM PROD ORDER BY PRICE DESC;

----USE NUMERIC FUN
SELECT PRODUCT_NAME, PRICE, ROUND(PRICE) AS ROUND_PRICE, CEIL(PRICE) AS CEIL_PRICE, FLOOR(PRICE) AS FLOOR_PRICE, MOD(STOCK, 2) AS STOCK_MOD FROM PROD;

----USE STRING FUN
SELECT LOWER(EMAIL) AS LOWERCASE_EMAIL, LENGTH(CUSTOMER_NAME) AS NAME_LENGTH, SUBSTR(CUSTOMER_NAME, 1, 5) AS FIRST_5_CHARS FROM CUSTOM;

----DATE FUN
SELECT ORDER_ID, ORDER_DATE, ROUND(MONTHS_BETWEEN(SYSDATE, ORDER_DATE)) AS MONTHS_OLD FROM ORDERSSS;

----CONVERSION FUn
SELECT TO_CHAR(ORDER_DATE, 'DD-MON-YYYY') AS FORMATTED_DATE FROM ORDERSSS;

----NVL FUN
SELECT DELIVERY_ID, NVL(TO_CHAR(DELIVERY_DATE), '02-MAR-2000') AS DELIVERY_DATE FROM DEL;

----TOTAL REVENUE
SELECT SUM(TOTAL_AMOUNT) AS TOTAL_REVENUE FROM ORDERSSS;

----AVERAGE PRODUCT PRICE
SELECT AVG(PRICE) AS AVG_PRICE FROM PROD;

----HIGH SELLING PROD
SELECT PRODUCT_ID, SUM(QUANTITY) AS TOTAL_QUANTITY FROM ORDER_ITEMS GROUP BY PRODUCT_ID HAVING SUM(QUANTITY) = (SELECT MAX(SUM(QUANTITY)) FROM ORDER_ITEMS GROUP BY PRODUCT_ID);

----REVENUE BY ORDER STATUS
SELECT O.ORDER_ID, D.DELIVERY_STATUS, O.TOTAL_AMOUNT FROM ORDERSSS O JOIN DEL D ON O.ORDER_ID = D.ORDER_ID;

----CUSTOMER SPENDING MORE THAN 90000
SELECT CUSTOMER_ID, SUM(TOTAL_AMOUNT) AS TOTAL_SPENT FROM ORDERSSS GROUP BY CUSTOMER_ID HAVING SUM(TOTAL_AMOUNT) > 90000;

----CUSTOMER BY SPENDING
SELECT CUSTOMER_ID, SUM(TOTAL_AMOUNT) AS TOTAL_SPENT FROM ORDERSSS GROUP BY CUSTOMER_ID ORDER BY TOTAL_SPENT DESC FETCH FIRST 3 ROWS ONLY;

----SELLER WISE REVENUE
SELECT S.SELLER_NAME, SUM(OI.QUANTITY * OI.ITEM_PRICE) AS REVENUE FROM SELL S JOIN PROD P ON S.SELLER_ID = P.SELLER_ID JOIN ORDER_ITEMS OI ON P.PRODUCT_ID = OI.PRODUCT_ID GROUP BY S.SELLER_NAME;

----FAILED PAYMENT
SELECT * FROM PAY WHERE PAYMENT_STATUS = 'Failed';

----PENDING DELIVERIES
SELECT * FROM DELIVERY WHERE DELIVERY_STATUS != 'Delivered';

----BEST RATED PRODUCT
SELECT PRODUCT_ID, AVG(RATING) AS AVG_RATING FROM REVIEWSS GROUP BY PRODUCT_ID ORDER BY AVG(RATING) DESC;

----CATEGORY WISE SALES
SELECT C.CATEGORY_NAME, SUM(OI.QUANTITY * OI.ITEM_PRICE) AS SALES FROM CATEGORIES C JOIN PROD P ON C.CATEGORY_ID = P.CATEGORY_ID JOIN ORDER_ITEMS OI ON P.PRODUCT_ID = OI.PRODUCT_ID GROUP BY C.CATEGORY_NAME;

----MONTHLY REVENUE
SELECT TO_CHAR(ORDER_DATE, 'MON-YYYY') AS MONTH, SUM(TOTAL_AMOUNT) AS REVENUE FROM ORDERSSS GROUP BY TO_CHAR(ORDER_DATE, 'MON-YYYY');

----CREATE INVENTORY WAREHOUSE TABLE
CREATE TABLE INVENTORY_WAREHOUSE (WAREHOUSE_ID NUMBER PRIMARY KEY, PRODUCT_ID NUMBER REFERENCES PROD(PRODUCT_ID), STOCK_QUANTITY NUMBER, WAREHOUSE_LOCATION VARCHAR2(100), LAST_UPDATED DATE);

----CREATE COUPONS TABLE
CREATE TABLE COUPONS (COUPON_ID NUMBER PRIMARY KEY, COUPON_CODE VARCHAR2(50) UNIQUE, DISCOUNT_PERCENT NUMBER, EXPIRY_DATE DATE, IS_ACTIVE VARCHAR2(10));

----CREATE EMPLOYEE TABLE
CREATE TABLE EMPLOYEE (EMP_ID NUMBER PRIMARY KEY, EMP_NAME VARCHAR2(100), DEPARTMENT VARCHAR2(50), SALARY NUMBER, MANAGER_ID NUMBER);

----CREATE RETURNS TABLE
CREATE TABLE RETURNS (RETURN_ID NUMBER PRIMARY KEY, ORDER_ID NUMBER REFERENCES ORDERSSS(ORDER_ID), PRODUCT_ID NUMBER REFERENCES PROD(PRODUCT_ID), RETURN_DATE DATE, REFUND_AMOUNT NUMBER, RETURN_REASON VARCHAR2(200));

----CREATE SHIPMENT TABLE
CREATE TABLE SHIPMENT (SHIPMENT_ID NUMBER PRIMARY KEY, ORDER_ID NUMBER REFERENCES ORDERSSS(ORDER_ID), CARRIER_NAME VARCHAR2(100), TRACKING_NUMBER VARCHAR2(100), SHIPMENT_STATUS VARCHAR2(50));

----INVENTORY ANALYSIS 
SELECT I.WAREHOUSE_ID, I.PRODUCT_ID, P.PRODUCT_NAME, I.STOCK_QUANTITY FROM INVENTORY_WAREHOUSE I JOIN PROD P ON I.PRODUCT_ID = P.PRODUCT_ID WHERE I.STOCK_QUANTITY < 20;

----EXPIRED COUPONS
SELECT * FROM COUPONS WHERE EXPIRY_DATE < SYSDATE;

----ORDERS USING COUPONS 
-- ALTER TABLE ORDERSSS ADD COUPON_ID NUMBER REFERENCES COUPONS(COUPON_ID);
SELECT O.ORDER_ID, C.COUPON_CODE, O.TOTAL_AMOUNT FROM ORDERSSS O LEFT JOIN COUPONS C ON O.COUPON_ID = C.COUPON_ID;

----EMPLOYEE HIERARCHY 
SELECT E1.EMP_NAME AS EMPLOYEE, E2.EMP_NAME AS MANAGER FROM EMPLOYEE E1 LEFT JOIN EMPLOYEE E2 ON E1.MANAGER_ID = E2.EMP_ID;

----HIGHEST PAID EMPLOYEE IN EACH DEPARTMENT
SELECT DEPARTMENT, EMP_NAME, SALARY FROM EMPLOYEE E1 WHERE SALARY = (SELECT MAX(SALARY) FROM EMPLOYEE E2 WHERE E2.DEPARTMENT = E1.DEPARTMENT);

----ORDERS RETURNED BY CUSTOMERS
SELECT R.RETURN_ID, O.CUSTOMER_ID, C.CUSTOMER_NAME, R.ORDER_ID, R.PRODUCT_ID, R.RETURN_DATE, R.REFUND_AMOUNT FROM RETURNS R JOIN ORDERSSS O ON R.ORDER_ID = O.ORDER_ID JOIN CUSTOM C ON O.CUSTOMER_ID = C.CUSTOMER_ID;

----SHIPMENT TRACKING DASHBOARD
SELECT S.SHIPMENT_ID, S.ORDER_ID, S.CARRIER_NAME, S.TRACKING_NUMBER, S.SHIPMENT_STATUS, D.DELIVERY_STATUS FROM SHIPMENT S JOIN DELIVERY D ON S.ORDER_ID = D.ORDER_ID;

----TOP RATED SELLER
SELECT S.SELLER_ID, S.SELLER_NAME, AVG(R.RATING) AS AVG_RATING FROM SELL S JOIN PROD P ON S.SELLER_ID = P.SELLER_ID JOIN REVIEWSS R ON P.PRODUCT_ID = R.PRODUCT_ID GROUP BY S.SELLER_ID, S.SELLER_NAME ORDER BY AVG_RATING DESC FETCH FIRST 1 ROW ONLY;

----REVENUE AFTER DISCOUNT
SELECT P.PRODUCT_NAME, P.PRICE, P.DISCOUNT, OI.QUANTITY, (OI.ITEM_PRICE * OI.QUANTITY) AS REVENUE_BEFORE_DISCOUNT, (OI.ITEM_PRICE * OI.QUANTITY) * (1 - P.DISCOUNT/100) AS REVENUE_AFTER_DISCOUNT FROM PROD P JOIN ORDER_ITEMS OI ON P.PRODUCT_ID = OI.PRODUCT_ID;

-- Inventory Warehouse
INSERT INTO INVENTORY_WAREHOUSE VALUES (1, 101, 50, 'Bangalore', SYSDATE);
INSERT INTO INVENTORY_WAREHOUSE VALUES (2, 102, 40, 'Mumbai', SYSDATE);
INSERT INTO INVENTORY_WAREHOUSE VALUES (3, 103, 200, 'Delhi', SYSDATE);

-- Coupons
INSERT INTO COUPONS VALUES (1, 'SAVE10', 10, DATE '2024-12-31', 'Yes');
INSERT INTO COUPONS VALUES (2, 'SAVE20', 20, DATE '2024-06-30', 'Yes');

-- Employee
INSERT INTO EMPLOYEE VALUES (1, 'John Manager', 'Sales', 90000, NULL);
INSERT INTO EMPLOYEE VALUES (2, 'Alice Staff', 'Sales', 50000, 1);
INSERT INTO EMPLOYEE VALUES (3, 'Bob Staff', 'IT', 60000, 4);
INSERT INTO EMPLOYEE VALUES (4, 'Carol Manager', 'IT', 95000, NULL);

-- Returns
INSERT INTO RETURNS VALUES (1, 1005, 103, SYSDATE, 499, 'Wrong size');

-- Shipment
INSERT INTO SHIPMENT VALUES (1, 1001, 'BlueDart', 'TRK123456', 'Delivered');
INSERT INTO SHIPMENT VALUES (2, 1004, 'Delhivery', 'TRK789012', 'In Transit');

--  REVENUE AFTER DISCOUNT
SELECT PRODUCT_NAME, PRICE, DISCOUNT, PRICE - (PRICE * DISCOUNT / 100) AS FINAL_PRICE FROM PROD;

---  MOST RETURNED PRODUCT
SELECT PRODUCT_ID, COUNT(*) FROM RETURNS GROUP BY PRODUCT_ID;

--- RANK CUSTOMERS BY SPENDING
SELECT CUSTOMER_ID, SUM(TOTAL_AMOUNT) FROM ORDERSSS GROUP BY CUSTOMER_ID ORDER BY SUM(TOTAL_AMOUNT) DESC;

-- DENSE RANK PRODUCTS
SELECT PRODUCT_NAME, PRICE FROM PROD ORDER BY PRICE DESC;

--  RUNNING REVENUE TOTAL
SELECT ORDER_DATE, TOTAL_AMOUNT FROM ORDERSSS ORDER BY ORDER_DATE;

--  PREVIOUS ORDER COMPARISON
SELECT ORDER_ID, TOTAL_AMOUNT FROM ORDERSSS;

--  NEXT ORDER COMPARISON
SELECT ORDER_ID, TOTAL_AMOUNT FROM ORDERSSS;

--  SELLER DASHBOARD
SELECT SELLER_NAME, RATING FROM SELL;

--  PAYMENT ANALYTICS
SELECT PAYMENT_METHOD, PAYMENT_STATUS FROM PAY;

--  DELIVERY PERFORMANCE
SELECT DELIVERY_STATUS, COUNT(*) FROM DELIVERY GROUP BY DELIVERY_STATUS;

--  DAILY SALES
SELECT ORDER_DATE, SUM(TOTAL_AMOUNT) FROM ORDERSSS GROUP BY ORDER_DATE;

--  TRIGGER FOR AUTO STOCK UPDATE
CREATE OR REPLACE TRIGGER TRG_STOCK AFTER INSERT ON ORDER_ITEMS FOR EACH ROW BEGIN UPDATE PROD SET STOCK = STOCK - :NEW.QUANTITY WHERE PRODUCT_ID = :NEW.PRODUCT_ID; END;

--  FUNCTION TO CALCULATE GST
CREATE OR REPLACE FUNCTION GST(amt NUMBER) RETURN NUMBER IS BEGIN RETURN amt * 0.18; END;

--  PROCEDURE TO UPDATE STOCK
CREATE OR REPLACE PROCEDURE UPD_STOCK(pid NUMBER, qty NUMBER) IS BEGIN UPDATE PROD SET STOCK = STOCK + qty WHERE PRODUCT_ID = pid; END;

--  FRAUD DETECTION
SELECT * FROM ORDERSSS WHERE TOTAL_AMOUNT > 100000;

--  DETECT INACTIVE SELLERS
SELECT SELLER_ID, SELLER_NAME FROM SELL;

--  FIND PEAK SALES DAY
SELECT ORDER_DATE, SUM(TOTAL_AMOUNT) FROM ORDERSSS GROUP BY ORDER_DATE ORDER BY SUM(TOTAL_AMOUNT) DESC;

--  FIND PRODUCTS ORDERED TOGETHER
SELECT ORDER_ID, PRODUCT_ID FROM ORDER_ITEMS;

--  CUSTOMER RETENTION ANALYSIS
SELECT CUSTOMER_ID, COUNT(*) FROM ORDERSSS GROUP BY CUSTOMER_ID;